date,food_inflation,oni,month
2012-01-01,-0.21,-0.72,1
2012-02-01,4.45,-0.57,2
2012-03-01,7.09,-0.46,3
2012-04-01,9.32,-0.36,4
2012-05-01,9.7,-0.17,5
2012-06-01,10.47,0.06,6
2012-07-01,11.39,0.3,7
2012-08-01,11.7,0.41,8
2012-09-01,10.36,0.41,9
2012-10-01,9.39,0.31,10
2012-11-01,10.17,0.13,11
2012-12-01,12.19,-0.1,12
2013-01-01,12.847965738758038,-0.29,1
2013-02-01,13.312034078807233,-0.29,2
2013-03-01,11.869747899159666,-0.21,3
2013-04-01,10.36960985626283,-0.19,4
2013-05-01,10.873983739837389,-0.27,5
2013-06-01,12.17564870259482,-0.34,6
2013-07-01,12.171372930866609,-0.35,7
2013-08-01,12.680115273775217,-0.28,8
2013-09-01,13.9846743295019,-0.21,9
2013-10-01,15.553435114503822,-0.13,10
2013-11-01,17.88772597526167,-0.1,11
2013-12-01,13.155386081982833,-0.15,12
2014-01-01,9.68,-0.28,1
2014-02-01,7.89,-0.32,2
2014-03-01,8.64,-0.14,3
2014-04-01,9.21,0.15,4
2014-05-01,8.89,0.31,5
2014-06-01,7.21,0.23,6
2014-07-01,8.85,0.1,7
2014-08-01,8.7,0.11,8
2014-09-01,6.22,0.28,9
2014-10-01,3.88,0.54,10
2014-11-01,1.13,0.71,11
2014-12-01,3.96,0.77,12
2015-01-01,6.14,0.69,1
2015-02-01,6.88,0.61,2
2015-03-01,6.14,0.65,3
2015-04-01,5.11,0.81,4
2015-05-01,4.8,1.02,5
2015-06-01,5.48,1.25,6
2015-07-01,2.15,1.57,7
2015-08-01,2.2,1.91,8
2015-09-01,3.88,2.21,9
2015-10-01,5.25,2.47,10
2015-11-01,6.07,2.64,11
2015-12-01,6.4,2.75,12
2016-01-01,6.85,2.63,1
2016-02-01,5.3,2.28,2
2016-03-01,5.21,1.71,3
2016-04-01,6.4,1.05,4
2016-05-01,7.47,0.49,5
2016-06-01,7.79,0.0,6
2016-07-01,8.35,-0.31,7
2016-08-01,5.91,-0.5,8
2016-09-01,3.96,-0.58,9
2016-10-01,3.32,-0.64,10
2016-11-01,2.03,-0.6,11
2016-12-01,1.37,-0.45,12
2017-01-01,0.61,-0.19,1
2017-02-01,2.01,-0.02,2
2017-03-01,2.01,0.18,3
2017-04-01,0.61,0.31,4
2017-05-01,-1.05,0.4,5
2017-06-01,-2.12,0.39,6
2017-07-01,-0.36,0.19,7
2017-08-01,1.52,-0.07,8
2017-09-01,1.25,-0.34,9
2017-10-01,1.9,-0.6,10
2017-11-01,4.35,-0.77,11
2017-12-01,4.96,-0.86,12
2018-01-01,4.7,-0.77,1
2018-02-01,3.26,-0.71,2
2018-03-01,2.81,-0.57,3
2018-04-01,2.8,-0.39,4
2018-05-01,3.1,-0.13,5
2018-06-01,2.91,0.06,6
2018-07-01,1.3,0.14,7
2018-08-01,0.29,0.27,8
2018-09-01,0.51,0.53,9
2018-10-01,-0.86,0.81,10
2018-11-01,-2.61,0.97,11
2018-12-01,-2.65,0.92,12
2019-01-01,-2.24,0.89,1
2019-02-01,-0.73,0.86,2
2019-03-01,0.3,0.84,3
2019-04-01,1.1,0.77,4
2019-05-01,1.83,0.64,5
2019-06-01,2.25,0.52,6
2019-07-01,2.36,0.33,7
2019-08-01,2.99,0.19,8
2019-09-01,5.11,0.23,9
2019-10-01,7.89,0.39,10
2019-11-01,10.01,0.58,11
2019-12-01,14.19,0.66,12
2020-01-01,13.63,0.64,1
2020-02-01,10.81,0.63,2
2020-03-01,8.76,0.53,3
2020-04-01,11.726147123088126,0.3,4
2020-05-01,9.2,0.01,5
2020-06-01,8.72,-0.23,6
2020-07-01,9.27,-0.36,7
2020-08-01,9.05,-0.53,8
2020-09-01,10.68,-0.85,9
2020-10-01,11.0,-1.12,10
2020-11-01,9.5,-1.2,11
2020-12-01,3.41,-1.08,12
2021-01-01,1.96,-0.91,1
2021-02-01,3.87,-0.79,2
2021-03-01,4.87,-0.71,3
2021-04-01,1.96,-0.55,4
2021-05-01,5.01,-0.39,5
2021-06-01,5.15,-0.3,6
2021-07-01,3.96,-0.35,7
2021-08-01,3.11,-0.45,8
2021-09-01,0.68,-0.63,9
2021-10-01,0.85,-0.76,10
2021-11-01,1.87,-0.91,11
2021-12-01,4.05,-0.87,12
2022-01-01,5.43,-0.82,1
2022-02-01,5.85,-0.79,2
2022-03-01,7.68,-0.86,3
2022-04-01,8.31,-0.95,4
2022-05-01,7.97,-0.9,5
2022-06-01,7.75,-0.78,6
2022-07-01,6.69,-0.76,7
2022-08-01,7.62,-0.87,8
2022-09-01,8.6,-0.97,9
2022-10-01,7.01,-0.94,10
2022-11-01,4.67,-0.85,11
2022-12-01,4.19,-0.71,12
2023-01-01,6.0,-0.54,1
2023-02-01,5.95,-0.29,2
2023-03-01,4.79,-0.02,3
2023-04-01,3.84,0.27,4
2023-05-01,2.96,0.57,5
2023-06-01,4.55,0.84,6
2023-07-01,11.51,1.12,7
2023-08-01,9.94,1.37,8
2023-09-01,6.62,1.6,9
2023-10-01,6.61,1.83,10
2023-11-01,8.7,1.99,11
2023-12-01,9.53,2.06,12
2024-01-01,8.3,1.92,1
2024-02-01,8.66,1.62,2
2024-03-01,8.52,1.26,3
2024-04-01,8.7,0.82,4
2024-05-01,8.69,0.49,5
2024-06-01,9.36,0.22,6
2024-07-01,5.42,0.08,7
2024-08-01,5.66,-0.07,8
2024-09-01,9.24,-0.17,9
2024-10-01,10.87,-0.21,10
2024-11-01,9.04,-0.3,11
2024-12-01,8.39,-0.42,12
2025-01-01,5.97,-0.45,1
2025-02-01,3.75,-0.24,2
2025-03-01,2.69,-0.06,3
2025-04-01,1.78,0.02,4
2025-05-01,0.99,-0.02,5
2025-06-01,-1.01,-0.04,6
2025-07-01,-1.76,-0.14,7
2025-08-01,-0.64,-0.28,8
2025-09-01,-2.33,-0.4,9
2025-10-01,-5.02,-0.51,10
2025-11-01,-3.91,-0.55,11
2025-12-01,-2.71,-0.54,12
